lat,long
39.077268,-122.932322
37.374254,-122.015515
38.021173,-121.905904
39.163431,-121.561630
45.699440,-121.521734
40.767830,-111.944330
43.714720,-112.220497
40.766390,-111.902000
33.021575,-117.096228
32.815860,-117.088508
43.672310,-107.888392
42.451670,-123.307500
35.465309,-120.671582
37.770000,-122.259943
40.905313,-124.072511
41.857220,-106.551330
42.183890,-111.828270
37.523239,-122.264908
40.331134,-111.756940
37.457825,-121.921353
46.587780,-120.398676
36.950000,-118.999944
38.021254,-121.905844
34.088291,-117.525574
36.591175,-120.175070
40.733060,-111.989500
40.316390,-111.734170
34.860125,-116.853130
38.136356,-121.148775
37.323795,-119.633949
36.982806,-120.033804
-0.000466,-0.000623
38.013519,-121.816512
40.612780,-111.955560
33.807265,-117.984450
41.780190,-110.347560
32.702484,-117.182272
37.374336,-122.015575
46.172500,-123.843955
38.130000,-121.650000
40.627330,-111.503750
46.689973,-120.732008
34.145264,-116.185861
34.789501,-118.431381
40.716670,-112.028670
36.803995,-121.783737
35.010000,-118.990000
39.129494,-123.711717
39.174108,-111.029802
43.412080,-123.315360
35.009163,-118.292236
37.797722,-121.601648
39.163431,-121.561515
34.004371,-117.565067
40.707220,-111.933830
40.767708,-111.930666
38.843330,-111.994498
40.713750,-112.121246
41.454720,-112.035280
37.477187,-122.168104
36.826044,-119.681281
38.776570,-122.742733
0.000000,0.000090
36.718822,-119.765766
37.797722,-121.601533
45.559170,-122.408826
46.389390,-120.786995
41.295000,-110.522280
33.880401,-118.175286
40.559170,-112.274111
34.986313,-118.738787
33.050685,-117.285325
35.956388,-120.851268
40.688720,-111.860170
37.347700,-121.922190
39.941890,-111.900809
34.004371,-117.565285
-0.000402,0.000163
36.830000,-119.830056
38.798798,-121.220715
43.266940,-122.410280
37.752899,-121.350690
37.068998,-121.077022
33.196818,-117.381743
37.925960,-121.678546
37.226424,-121.977342
39.190857,-121.990506
41.531560,-120.181940
45.677578,-118.782004
39.072905,-121.399237
32.766092,-117.192529
32.637837,-117.016125
45.846390,-119.269440
38.245082,-122.041222
34.870000,-116.860000
44.550560,-123.265280
33.896244,-118.372715
33.512948,-117.665545
37.721862,-121.390858
37.130000,-121.559943
38.551630,-121.560323
38.901311,-121.088139
34.468711,-119.884239
40.712500,-111.813950
37.360896,-121.863955
37.385278,-121.140833
36.530868,-120.104386
42.198610,-121.413890
35.150446,-118.878703
33.093183,-117.073692
41.726670,-112.185280
46.042780,-118.669170
35.610000,-118.960000
45.962473,-122.335067
34.088145,-117.525582
36.185797,-120.104535
0.000213,0.000278
39.725068,-122.178873
37.536271,-122.322394
32.796957,-116.792258
38.369192,-120.796693
32.665044,-116.986748
43.439440,-112.161670
36.824388,-119.769337
36.967863,-120.202660
0.000093,0.000652
40.913330,-111.892500
-0.000737,-0.000071
43.985560,-123.010893
38.901317,-121.087610
33.211533,-117.334427
40.481389,-124.104444
36.223078,-120.336806
37.752899,-121.350575
37.404832,-122.068797
43.355890,-122.248748
35.270000,-118.870000
38.042497,-122.786541
39.769836,-121.824279
38.678152,-121.760202
40.441823,-111.833115
40.622220,-111.922780
38.090000,-120.300000
44.402110,-122.723267
39.761504,-121.618692
33.128774,-117.197169
33.230683,-117.018401
40.820000,-124.184722
41.295000,-110.522160
32.960090,-117.089893
34.088291,-117.525792
35.215833,-120.847545
37.322447,-121.796670
33.562897,-117.673461
37.340000,-122.030000
33.887668,-116.573691
41.044440,-111.689120
37.863406,-122.498369
44.000830,-112.169720
35.590000,-119.440000
38.937453,-122.609149
35.978056,-120.116999
37.720595,-122.476080
41.778420,-111.045500
32.714198,-117.169655
41.764560,-111.855250
34.041253,-117.320836
40.085947,-109.290757
39.319203,-120.378897
33.998314,-117.679032
36.862648,-121.405925
37.966073,-122.278419
45.962554,-122.335000
42.836670,-105.778610
37.142444,-113.563470
46.071480,-118.305129
38.031072,-121.869159
36.779627,-120.730067
41.728800,-122.631550
37.066369,-120.835421
43.375533,-111.847716
39.214315,-120.809293
38.776810,-122.742843
38.190000,-122.470000
38.030638,-121.897086
44.664630,-123.060153
35.354039,-119.270638
35.513720,-119.317571
40.681384,-112.014860
42.429720,-123.170891
40.647323,-111.915813
32.741557,-117.233471
40.665280,-111.835500
43.683384,-111.911110
36.429513,-121.331901
37.622364,-122.447292
39.069323,-121.690208
40.628753,-121.915711
33.456763,-117.589193
38.496689,-122.759375
32.829629,-117.157263
37.360661,-122.100048
34.940000,-118.350000
40.752330,-111.711670
41.759017,-110.601355
38.330000,-122.679943
36.849910,-121.760000
37.225299,-121.744182
36.850000,-121.760000
38.012173,-121.758176
41.060280,-111.536110
34.508730,-117.918376
40.783443,-112.005202
41.030000,-121.426060
38.020000,-121.979943
38.030671,-121.869086
37.632645,-122.101240
33.253259,-117.085803
0.000578,-0.000097
38.932500,-122.741085
43.251280,-122.337030
41.666940,-109.705220
40.555976,-111.937864
37.805364,-122.231142
37.898253,-122.524418
43.194440,-124.165498
37.322528,-121.796729
39.654564,-121.635353
0.000295,-0.000056
46.221110,-119.096940
40.508310,-109.576521
37.919513,-121.676483
38.075551,-122.540004
35.420000,-118.980000
46.071480,-118.304871
38.496689,-122.759605
39.539554,-122.262889
38.888790,-123.550318
38.618870,-121.793976
37.772595,-120.825604
36.599054,-121.853962
39.440000,-121.390058
40.584693,-112.098952
45.522220,-122.560216
43.305970,-122.502080
39.005520,-121.867233
34.041175,-117.320673
46.451940,-120.426605
41.044440,-111.689000
33.015455,-117.002376
44.851390,-123.200830
41.852780,-111.827720
38.401734,-121.920044
35.570978,-119.115574
41.893420,-112.195970
37.500418,-121.987032
32.694367,-117.142450
35.483209,-119.763695
32.796809,-116.971034
40.748610,-112.652500
41.759273,-110.601702
36.653190,-121.629427
43.154530,-123.372140
37.738787,-122.193720
37.457249,-122.187026
36.620921,-120.177999
36.653594,-121.629627
38.145471,-121.177439
34.088067,-117.525636
33.769910,-118.250108
43.029774,-105.838890
39.174108,-111.030032
38.752789,-122.608529
35.554496,-120.679996
43.018890,-108.410621
0.000252,-0.000135
35.501698,-119.449132
37.746036,-122.403138
41.073610,-111.958390
42.871940,-106.359231
32.754892,-117.126082
39.382780,-111.083948
36.650000,-119.540000
34.422210,-118.572276
42.189440,-120.366110
40.479568,-123.780460
43.210830,-123.318828
36.223078,-120.336917
41.451390,-122.362220
35.373004,-120.855077
46.592113,-120.496682
40.579170,-111.899111
38.709738,-122.908017
42.428610,-123.043610
38.183541,-121.806013
37.365512,-120.578993
33.232063,-117.002231
35.357140,-118.971310
37.340000,-121.740057
33.924705,-116.597189
39.043591,-121.090718
38.126389,-121.774943
39.822220,-111.896310
38.904167,-121.309722
0.000315,-0.000451
36.003703,-119.948802
37.557073,-122.057547
37.763348,-122.214444
33.784527,-116.410476
39.520766,-110.390329
37.979480,-121.316628
37.368200,-121.941592
37.460054,-122.400000
35.388272,-119.004520
39.716173,-121.520952
32.566254,-116.944333
34.282368,-118.900678
0.000454,-0.000336
37.908852,-122.057127
34.075283,-117.517116
36.105683,-118.935391
40.355220,-111.909499
41.831670,-122.004780
42.836533,-105.778809
32.879741,-117.213596
32.941402,-117.032827
45.567560,-122.557734
-0.000661,0.000279
35.380509,-120.040252
36.860000,-121.760056
35.150000,-119.479945
38.780000,-122.669942
32.754892,-117.125972
32.911118,-117.112644
38.777699,-122.740895
43.390000,-106.322500
40.713890,-111.549940
41.683303,-109.903547
35.215923,-120.847655
43.375614,-111.847780
40.766435,-111.860268
39.485430,-121.220509
32.704450,-117.049814
42.511110,-123.413391
45.533384,-122.660000
32.799219,-117.240148
38.780000,-122.670058
40.907373,-112.734967
37.244856,-121.796065
38.739926,-120.677231
37.883220,-112.909580
37.404914,-122.068856
37.340000,-121.739943
35.418611,-119.011389
35.215923,-120.847435
36.508853,-121.446967
36.488691,-119.582345
36.653344,-121.629460
38.239064,-122.636804
36.689983,-121.679239
44.919250,-124.011610
42.576083,-111.743953
42.752310,-105.386250
34.870000,-116.880000
46.622360,-122.915941
34.696829,-120.151374
38.425273,-122.832272
33.206382,-117.253069
33.784527,-116.410368
40.303170,-111.699780
36.764085,-119.735935
41.471621,-110.908926
34.770000,-118.210055
42.747220,-123.410219
40.789722,-111.904641
33.312885,-117.466942
36.719002,-119.765541
38.890364,-121.097660
40.893581,-122.379244
46.609920,-120.495154
37.272743,-120.486751
46.622450,-122.915810
41.759033,-110.601586
39.091887,-121.543000
36.580000,-120.520000
37.477265,-122.168047
35.440764,-119.020670
40.634440,-111.855220
34.986326,-118.739078
36.992167,-121.982254
46.592194,-120.496750
37.433031,-122.202607
38.659619,-120.946878
35.350000,-117.090000
38.420000,-122.780000
37.734694,-121.651886
37.748305,-121.415760
37.662500,-113.110280
35.295028,-119.592215
37.136003,-119.260776
37.360661,-122.099934
40.426330,-111.938001
37.925894,-122.369689
37.322447,-121.796788
39.477030,-110.999862
33.926051,-118.106066
37.691719,-122.455644
36.788034,-119.787488
37.457743,-121.921294
46.622360,-122.915679
37.810000,-121.100000
33.998392,-117.678869
43.714720,-112.220623
42.586280,-121.841530
35.382796,-119.696459
37.850000,-121.240000
35.089761,-118.976591
35.558399,-118.237079
40.755770,-111.903505
43.208890,-123.390830
33.910377,-116.545275
33.645935,-117.977717
36.298510,-119.242447
35.935833,-120.840278
37.991559,-121.348488
41.733138,-108.788670
42.235280,-123.059720
37.780090,-122.380000
33.975915,-118.147996
45.676110,-118.837004
37.303339,-121.840810
37.273333,-118.573333
35.508889,-119.030833
35.008087,-118.163983
38.798879,-121.220655
37.393854,-122.114676
42.431670,-123.298060
32.840122,-117.275284
40.441190,-111.921331
32.733172,-117.173827
38.739746,-120.677231
40.800280,-124.195774
39.019270,-120.830271
37.880000,-122.240057
38.030553,-121.897049
45.677500,-118.782068
36.236577,-120.315114
37.790000,-122.249943
37.303610,-109.548060
33.101092,-117.250343
38.165967,-122.253676
37.790000,-121.360000
38.221667,-121.867778
38.205743,-122.147539
37.780000,-122.380114
34.004191,-117.565067
34.035509,-118.111185
35.785755,-119.866138
40.138393,-122.208608
38.680315,-123.311782
43.455359,-111.368505
37.341025,-121.901177
40.783443,-112.005078
37.415395,-121.888451
37.670912,-122.160056
33.738434,-117.156324
39.531805,-122.185874
37.557073,-122.057665
37.744657,-121.602859
38.020000,-121.980057
44.029720,-112.596110
42.446940,-123.173610
40.706110,-111.950890
38.752789,-122.608644
42.334350,-122.869049
34.079190,-117.240433
36.568933,-119.418641
46.330803,-120.012992
41.867618,-124.139055
35.208404,-119.100307
38.795757,-123.011412
34.307807,-117.323089
38.471453,-123.012075
40.753610,-111.884009
40.692780,-111.958390
36.850090,-121.720000
38.145561,-121.177324
36.599054,-121.854074
34.088067,-117.525528
33.456763,-117.589301
36.952058,-121.760121
41.050000,-112.937500
42.856940,-106.239170
39.769917,-121.824218
34.870000,-118.240000
39.505245,-121.559608
34.870000,-116.840000
38.030689,-121.869466
40.800161,-111.925893
32.795462,-116.972500
45.763303,-119.999507
38.788044,-121.231715
37.462178,-122.277933
41.961390,-106.393610
36.578773,-121.908968
37.142363,-113.563529
37.605189,-122.391045
37.393854,-122.114794
34.986416,-118.739072
46.102858,-118.921175
38.030774,-121.869504
45.493890,-118.832436
42.925000,-105.772001
43.391110,-123.300560
-0.000146,-0.000785
43.193188,-123.346531
32.884936,-117.200949
39.565556,-120.633889
44.101310,-112.515830
34.858327,-116.843514
40.588060,-111.967840
36.109577,-119.558091
37.129545,-122.172132
38.030456,-121.896862
39.807693,-111.830411
35.374083,-119.039782
33.765978,-118.103663
42.536083,-111.793873
37.420090,-121.730114
37.370000,-121.700000
38.019722,-122.235833
38.012778,-121.769665
34.508794,-117.918298
40.627330,-111.503870
32.854503,-116.968399
37.468662,-122.430239
35.475816,-118.987039
36.683240,-121.651205
37.748396,-121.415874
33.101173,-117.250399
33.818860,-118.222366
38.890364,-121.097544
34.207366,-119.249071
40.194810,-111.616470
40.825560,-112.895830
34.041253,-117.320618
46.609920,-120.495286
39.520766,-110.390445
37.500499,-121.987091
37.970776,-122.527124
46.150830,-123.910625
42.524940,-122.847030
42.715280,-111.872780
34.991871,-117.890005
38.216066,-122.112025
39.725494,-121.847188
34.041175,-117.320781
37.330000,-121.740057
32.799219,-117.240255
32.832850,-117.132105
39.030000,-120.610058
36.762784,-121.736478
33.115690,-117.089175
40.695678,-111.825469
40.522780,-112.351940
43.309384,-112.121360
34.051000,-117.589946
35.398393,-118.939625
34.986159,-118.738755
33.136516,-117.070292
40.594553,-124.135127
45.493890,-118.832564
37.230000,-119.330000
37.393935,-122.114735
38.844430,-121.166254
37.360000,-121.979943
35.379720,-119.098041
34.859466,-116.865469
35.304875,-119.614281
38.444777,-120.516801
33.821111,-118.241667
35.419167,-118.925778
36.109577,-119.557980
39.807830,-111.830220
32.784192,-117.137632
38.012353,-121.758406
34.000751,-118.378408
35.068401,-118.395789
41.683303,-109.903673
39.438734,-120.997847
37.745035,-121.936234
44.001060,-112.156180
38.659619,-120.946998
46.062193,-122.204373
46.138890,-118.930895
38.655416,-121.060290
40.681303,-112.014922
37.430850,-121.952999
37.685650,-113.084554
35.496111,-119.008889
35.008543,-120.453142
38.276590,-122.462014
42.168000,-121.822560
37.797435,-122.280907
40.767780,-111.930390
35.751920,-120.684163
37.328165,-121.902472
38.145561,-121.177439
33.128697,-117.197329
44.828033,-106.941736
45.567560,-122.557606
35.376775,-119.092486
35.376953,-119.078028
32.790699,-117.023147
36.719769,-119.766995
40.841670,-111.919380
36.013308,-121.167635
32.744083,-116.957184
38.022257,-122.537918
35.448654,-120.870306
37.919828,-121.240289
40.781043,-124.132063
44.120560,-121.282780
33.685126,-117.943596
32.993703,-117.077689
35.296668,-118.861630
39.106766,-122.109480
36.792525,-120.114116
36.902958,-121.755844
45.988060,-118.431390
38.369192,-120.796578
34.986499,-118.739028
39.510000,-121.490000
38.030607,-121.869167
33.938505,-116.576498
32.854859,-117.011851
42.656940,-105.420000
40.312220,-111.656589
46.107780,-118.918890
39.251247,-123.196582
42.250560,-122.792840
32.960090,-117.090107
37.500000,-122.040000
40.213772,-123.596586
46.071300,-118.304871
-0.000639,-0.000416
32.898779,-117.239878
36.762604,-121.736478
42.026670,-121.601670
40.694720,-111.919440
33.646014,-117.977534
35.351417,-119.985715
37.638968,-122.385837
45.713060,-120.203610
39.550000,-121.470000
42.390000,-123.431110
38.231082,-121.590412
37.930000,-122.040000
35.450054,-119.480000
46.175000,-123.756940
34.037454,-118.109265
38.739746,-120.677001
37.511677,-122.207677
33.285968,-116.958523
33.938661,-116.576390
40.144360,-111.590640
42.710560,-111.595219
38.903333,-121.308889
37.139170,-113.563060
38.030591,-121.869280
32.707517,-117.244926
35.688585,-119.689951
42.296110,-122.827159
37.871667,-122.272500
40.768863,-111.925342
36.309988,-119.798331
37.336052,-122.042805
37.747357,-121.598252
33.137022,-117.335374
42.156940,-112.311170
36.683240,-121.651317
34.860125,-116.853244
34.055569,-117.182538
40.905394,-124.072573
37.632564,-122.101181
40.749170,-111.607780
39.812222,-121.577778
40.288107,-112.358746
34.080660,-117.520693
36.269444,-119.648333
36.700798,-119.754486
33.369701,-117.554386
37.991649,-121.348603
40.331120,-111.760640
37.234159,-121.900152
39.142823,-123.192049
40.782782,-124.112480
40.800080,-111.925831
41.471621,-110.908806
33.852472,-118.393678
40.760000,-111.847220
39.505424,-121.559608
37.340844,-121.901177
46.393330,-120.304935
43.916280,-108.486390
37.336477,-121.879209
40.879444,-121.719722
43.021670,-105.835830
40.679529,-112.553929
41.704981,-121.276741
46.150830,-123.910495
32.804384,-116.920860
40.441190,-111.921449
34.509070,-117.918648
36.824298,-119.769224
34.508884,-117.918298
40.673033,-111.925062
36.824388,-119.769112
36.400000,-120.320056
36.472252,-119.188225
43.194440,-124.165622
34.859466,-116.865359
35.440683,-119.020727
43.294170,-122.472580
33.946196,-117.922353
41.978894,-122.335312
38.575613,-121.497588
42.429720,-123.170769
35.375699,-117.655868
36.472252,-119.188113
37.412500,-113.644720
35.420000,-119.300000
38.021507,-121.281010
41.879437,-112.196421
44.413060,-108.896670
38.056504,-120.533753
39.718793,-121.820961
44.409333,-108.919044
33.494981,-117.702958
38.165967,-122.253557
33.809003,-117.983546
40.495000,-111.898945
41.759355,-110.601653
43.332681,-122.702894
37.660000,-122.380000
40.767780,-111.930271
39.480000,-122.260000
40.138393,-122.208486
37.360000,-121.980057
41.095190,-112.043180
38.101498,-120.926469
-0.000072,-0.000209
43.465280,-111.835062
32.743978,-117.046372
33.309253,-117.334978
38.356520,-121.979510
43.130000,-123.371940
34.422300,-118.572276
36.446259,-119.799042
39.334560,-110.990720
36.792585,-119.827490
40.753700,-111.883890
41.985560,-122.360420
46.582140,-120.531006
33.975996,-118.147940
37.768872,-120.908104
36.867181,-120.328367
37.272923,-120.486751
37.974867,-120.320727
38.901317,-121.087726
39.654645,-121.635292
39.267657,-120.776138
36.309988,-119.798220
44.354390,-106.653690
41.312275,-110.831896
33.550076,-117.628202
40.070000,-121.149941
37.417428,-122.066251
38.030947,-121.869451
38.885303,-121.066753
38.065980,-122.195615
33.910197,-116.545492
34.986175,-118.738967
33.136516,-117.070185
37.335971,-122.042864
43.435830,-124.240218
38.108602,-122.568288
37.403674,-121.905616
40.434409,-122.267900
36.992347,-121.982254
41.104860,-112.045170
41.190280,-112.057220
39.791940,-110.770830
33.093183,-117.073581
38.776999,-122.742616
33.930594,-117.886428
40.468396,-111.948339
34.088145,-117.525691
38.020075,-122.061500
38.031028,-121.868938
40.659440,-111.807220
36.804073,-121.783905
32.702305,-117.182272
39.267836,-120.776138
37.797513,-122.280965
37.738787,-122.193834
37.059424,-121.194820
33.880000,-116.460000
39.170157,-121.661197
36.785519,-121.671051
33.050604,-117.285269
38.808811,-121.516115
40.819848,-123.826638
37.433031,-122.202835
36.653175,-121.629537
-0.000122,0.000375
44.732110,-123.009657
39.607876,-121.768445
46.474440,-117.621940
46.559440,-120.489104
40.559170,-112.274229
33.093264,-117.073637
42.093890,-122.071330
0.000312,0.000033
41.670830,-111.806390
37.480000,-121.980057
42.265740,-111.749879
32.779018,-117.156866
32.567539,-116.942495
34.041331,-117.320781
40.092030,-111.585712
33.128697,-117.197222
39.170076,-121.661137
38.030864,-121.869497
36.862648,-121.405808
36.568933,-119.418417
38.383223,-122.527892
39.931954,-122.187446
42.307500,-122.853951
38.947419,-121.091243
42.088890,-111.821940
35.398393,-118.939739
43.375533,-111.847844
34.190000,-117.320000
35.009163,-118.292346
42.007780,-121.316670
41.878240,-110.045121
35.092421,-118.878241
41.728800,-122.631790
33.285789,-116.958737
42.381670,-122.925621
32.959910,-117.089893
46.263610,-118.147500
38.517708,-121.951331
43.029693,-105.838954
40.318060,-111.701881
37.665470,-119.841331
43.450000,-106.332220
39.716250,-121.521127
37.605099,-122.391045
37.711238,-122.149035
39.331168,-121.192127
38.453137,-122.743728
32.733172,-117.173721
38.120033,-122.613744
36.860000,-121.759944
36.719002,-119.765766
41.191110,-111.986390
32.658118,-117.091687
33.770090,-118.249892
38.340000,-122.640057
37.645954,-118.915805
40.586552,-121.093959
37.085979,-121.013273
40.766390,-111.901880
37.186933,-120.490547
33.928884,-118.105463
35.756721,-117.380556
40.608890,-111.874660
38.345349,-122.299564
34.830000,-114.990000
39.725494,-121.847305
43.503224,-111.985640
43.352220,-124.182220
36.488535,-119.582345
38.234002,-122.636285
45.562780,-122.665280
43.798830,-123.040143
39.339604,-121.197378
36.863327,-120.337922
40.673033,-111.924938
33.125435,-117.116857
-0.000436,0.000079
37.366407,-121.843789
37.691277,-122.061118
33.928803,-118.105519
38.029918,-122.103005
36.569113,-119.418641
36.764004,-119.735993
40.495382,-124.099276
37.716505,-121.548766
38.445373,-121.826177
38.020000,-122.370057
45.437220,-117.284170
37.685650,-113.084326
33.211533,-117.334535
33.409472,-117.590641
38.058077,-121.375292
35.605001,-119.202593
37.919513,-121.676364
33.758230,-116.360795
38.655596,-121.060290
41.666670,-109.713060
40.767626,-111.930355
38.453137,-122.743608
37.772595,-120.825486
37.480000,-121.979943
35.060000,-119.020000
37.239910,-121.780113
40.739720,-111.886390
38.383223,-122.527778
33.869710,-118.333246
40.171215,-121.085128
37.342761,-118.472045
38.186111,-120.150000
40.758060,-112.005830
44.274447,-123.170009
33.896244,-118.372823
39.932035,-122.187385
35.615568,-120.679947
43.956670,-112.216670
38.198682,-120.015244
36.830054,-119.310000
32.884936,-117.200839
45.999720,-123.916045
42.483220,-110.121890
33.122818,-117.287925
43.985560,-123.010767
45.518021,-122.538046
37.416224,-122.030655
41.672561,-106.025601
38.300000,-121.870000
40.735830,-111.876220
37.868610,-109.318060
37.336477,-121.879096
45.522220,-122.560344
35.475816,-118.986929
46.036390,-118.338395
33.647155,-117.979546
40.782877,-124.180762
41.052702,-121.408781
-35.000000,-1103912181.000000
32.713308,-117.151402
33.742642,-117.171742
35.097222,-119.429722
36.850090,-121.760000
33.970000,-116.670000
38.116464,-121.422007
42.436151,-122.850237
36.226240,-119.834152
32.754973,-117.126027
37.860000,-120.000000
38.101498,-120.926354
44.002500,-121.330560
34.125227,-118.152319
35.688444,-119.276835
39.759999,-121.907011
36.680349,-119.799801
35.442343,-119.260327
37.490342,-122.213021
39.440000,-121.389942
35.451389,-118.985000
41.137694,-111.885250
32.815860,-117.088401
43.310773,-107.619871
35.373004,-120.855187
35.935614,-120.840499
32.804473,-116.920967
32.844517,-117.237044
39.716173,-121.521185
41.095190,-112.042940
38.709738,-122.907898
40.822310,-111.924050
33.563077,-117.673461
34.986607,-118.738855
36.748943,-121.605302
40.701500,-112.063580
40.527110,-111.905631
35.362132,-118.923620
37.459973,-122.400059
38.070000,-121.859943
40.883330,-111.902280
33.136885,-117.335549
38.150010,-121.812018
42.307500,-122.853829
36.621101,-120.177999
39.096051,-121.623831
42.733890,-122.515000
38.030811,-121.897033
35.756640,-117.380499
43.283060,-123.352002
36.822031,-119.858525
37.744944,-121.936120
33.818706,-118.222442
35.857137,-119.088726
40.992222,-121.975060
-0.000032,0.000382
34.468789,-119.884404
33.770000,-118.100000
38.020000,-122.160000
36.886866,-120.655928
42.747220,-123.410341
32.893904,-117.135529
45.783864,-120.532576
32.702484,-117.182059
36.779627,-120.729955
35.709477,-120.009676
37.908930,-122.056955
38.730279,-120.788047
-0.000696,0.000196
33.713543,-117.852520
38.914515,-121.015694
37.947042,-121.289119
41.848330,-123.966670
33.355940,-117.112096
37.535500,-121.856150
38.012353,-121.758176
42.427334,-123.321248
40.774530,-111.838449
36.620921,-120.178222
33.512867,-117.665601
37.342917,-118.471931
33.771446,-118.100773
36.720000,-120.750000
41.728980,-122.631550
43.272753,-122.447296
41.666030,-107.740670
36.605117,-119.375919
0.000549,-0.000183
32.894083,-117.135529
40.431670,-111.791670
46.393330,-120.305065
40.331030,-111.760640
37.905940,-122.208144
38.012778,-121.769779
39.405666,-123.327366
44.664630,-123.060407
38.689025,-121.737542
38.000000,-121.810000
41.759183,-110.601708
46.036390,-118.338265
38.776635,-122.742811
40.774530,-111.838211
36.611337,-119.639639
39.060090,-121.710115
0.000302,0.000123
37.605189,-122.391159
45.623928,-121.534597
46.389390,-120.787125
38.496510,-122.759375
40.753520,-111.883890
34.488234,-118.117814
41.759170,-110.601270
42.836683,-105.778933
37.370000,-120.640000
35.101771,-120.581106
37.748486,-121.415760
43.435830,-124.240342
39.143002,-123.191818
41.966940,-121.913330
44.040560,-121.299233
37.947223,-121.289119
38.947419,-121.091128
38.151417,-121.810802
36.974840,-120.635012
-0.000709,-0.000249
37.595544,-122.018262
40.765774,-111.905156
33.206382,-117.252855
37.801335,-121.223796
38.779268,-120.606523
32.883684,-117.222424
37.523239,-122.265026
42.334350,-122.869291
35.605001,-119.202482
42.967220,-123.353890
41.852780,-111.827840
38.164330,-112.250280
34.703767,-118.301800
37.000000,-119.705278
32.779018,-117.156755
40.281890,-111.675280
41.146413,-111.964198
41.073610,-111.958270
36.824478,-119.769224
37.807826,-121.276142
32.798367,-116.498315
40.441738,-111.833077
33.122737,-117.287870
36.709983,-119.538157
36.298510,-119.242336
40.671690,-112.546640
40.462102,-122.328061
38.237860,-112.227220
35.360177,-120.811564
35.600168,-121.115482
35.227222,-119.629722
46.059500,-122.262255
40.557220,-111.836611
35.340000,-117.130000
32.714377,-117.169442
37.130000,-121.560057
40.767610,-111.930473
37.233979,-121.900379
35.319192,-119.128598
45.677422,-118.781876
37.468743,-122.430180
43.996390,-112.476390
40.331053,-111.756879
32.795283,-116.972500
37.142363,-113.563411
42.042409,-106.161691
37.955266,-121.332421
44.664810,-123.060407
41.778420,-111.045380
37.941119,-122.707332
41.925560,-121.565770
35.449973,-119.479943
40.349310,-111.789220
34.300000,-114.230000
41.095370,-112.043180
34.109614,-116.411837
37.415486,-121.888564
38.444777,-120.516920
35.294997,-119.592111
37.800830,-121.620830
36.468298,-121.390283
-0.000734,0.000019
39.807740,-111.830103
35.774931,-119.974045
32.739034,-117.002647
33.900000,-116.580000
34.129718,-119.168995
33.068479,-117.141404
39.336020,-110.969054
44.307220,-120.853267
38.020000,-121.759943
40.768863,-111.925218
44.024413,-107.976325
41.271640,-110.973220
39.716095,-121.521127
46.303560,-119.874280
37.470000,-121.809943
40.528610,-111.864229
33.137302,-116.294378
38.343592,-123.044809
36.850000,-121.759888
40.666862,-112.029670
39.143002,-123.192049
33.312885,-117.467049
37.594584,-122.488928
34.300796,-119.185523
36.720110,-120.603287
46.596110,-120.577434
36.044075,-120.112696
40.681303,-112.014798
38.777016,-122.742503
33.869710,-118.333134
36.755556,-120.365556
38.777007,-122.742388
42.733060,-111.547220
37.711321,-121.715880
45.600560,-122.727496
36.599090,-121.877082
32.698743,-117.173193
35.400666,-119.035603
37.963141,-122.052361
38.078067,-121.286700
38.309704,-122.731531
40.588610,-111.915830
42.228830,-107.510890
40.623725,-122.462027
37.595544,-122.018034
42.286940,-123.230000
42.458060,-123.324501
37.925976,-122.369629
42.126390,-121.703610
32.978723,-117.031303
33.784437,-116.410368
35.388353,-119.004463
41.765830,-111.784500
37.700802,-121.733606
36.222455,-119.779777
39.267746,-120.776138
34.512456,-117.477102
33.960000,-116.630000
38.226944,-121.843611
-0.000286,0.000300
33.900000,-116.700000
41.312220,-110.863980
37.745125,-121.936120
37.041636,-122.025310
36.105863,-118.935169
41.648330,-109.499880
37.551444,-122.293078
33.549896,-117.628202
37.638968,-122.385955
34.008584,-117.949660
33.369782,-117.554330
40.448610,-111.803330
33.771769,-118.100832
35.376953,-119.077914
36.135997,-120.344557
43.373440,-124.283530
32.583329,-117.097162
34.355793,-116.855947
41.095370,-112.042940
38.245262,-122.041452
34.190000,-117.330000
36.719850,-119.766937
37.460000,-121.760000
39.951140,-112.049691
43.297220,-123.098330
35.856957,-119.088948
-0.000430,-0.000188
41.979848,-122.335969
36.592775,-119.989065
39.145906,-122.916845
37.908930,-122.057185
43.465280,-111.834938
38.775425,-121.858301
42.334530,-122.869291
37.963709,-121.290506
32.707338,-117.245139
39.822310,-111.896310
35.880348,-119.469848
37.788781,-122.289418
32.993703,-117.077800
34.986564,-118.738952
38.678232,-121.760143
39.096051,-121.623711
36.693976,-119.724970
36.653357,-121.629755
36.085115,-119.552823
46.587780,-120.398544
36.544759,-119.251776
43.272834,-122.447360
40.619021,-122.322260
41.307080,-111.933560
37.359996,-120.614762
33.998314,-117.678924
46.259170,-119.905280
37.292238,-121.935913
46.592113,-120.496818
34.422120,-118.572276
42.946670,-123.374440
34.990088,-117.542709
38.379084,-122.712022
43.683303,-111.911045
38.436831,-122.713370
35.372222,-119.017500
41.533330,-109.490220
43.210830,-123.318952
38.677220,-109.692030
43.029693,-105.838826
41.533154,-112.064977
40.091850,-111.585712
33.329081,-117.235523
36.704331,-119.882898
42.249170,-110.224110
40.774350,-111.838449
34.030000,-116.530000
42.881390,-106.237780
37.226424,-121.977228
44.062363,-121.312815
39.214315,-120.809177
38.575433,-121.497588
44.062363,-121.312685
37.541182,-121.962063
46.102702,-118.921175
34.088145,-117.525473
35.093678,-119.101390
32.819776,-117.140362
34.776040,-118.775040
41.066590,-111.038482
33.355940,-117.111989
34.881503,-117.892023
46.617116,-120.528631
40.318060,-111.701999
37.340844,-121.900950
40.692780,-111.958270
33.998392,-117.679087
34.508746,-117.918587
35.215923,-120.847545
32.745605,-117.078752
40.441810,-111.832802
41.499720,-120.533060
44.295000,-120.893267
37.066369,-120.835534
37.499730,-122.243974
37.645873,-118.915746
45.554920,-122.646644
36.070000,-119.560000
37.362440,-120.628295
38.453218,-122.743668
37.127279,-121.658717
39.129575,-123.711777
0.000593,-0.000008
32.859854,-116.899369
39.115058,-120.953310
46.559440,-120.489236
41.073060,-112.024440
37.127459,-121.658943
39.711813,-121.813369
38.776707,-122.742545
33.374340,-117.554644
41.714940,-112.096470
37.720851,-121.480390
38.430000,-121.790000
34.801400,-118.818908
42.308400,-111.359761
40.138474,-122.208547
-0.000204,-0.000460
38.005513,-121.237769
41.831670,-122.004660
45.563170,-122.599174
37.963279,-121.323476
37.583254,-122.319094
38.988890,-110.133860
39.711813,-121.813252
37.750000,-121.310000
37.919828,-121.240175
45.554920,-122.646516
38.022257,-122.538038
36.718419,-119.818649
0.000000,0.000000
37.292156,-121.935972
40.612780,-111.912780
42.836598,-105.778893
36.787953,-119.787546
41.760830,-124.163470
38.044444,-122.255833
46.616936,-120.528893
42.511110,-123.413269
0.000594,0.000083
34.088291,-117.525683
44.546060,-123.312563
34.508812,-117.918662
45.902806,-118.588250
39.370564,-121.687919
-0.000170,-0.000063
38.539559,-123.223713
36.922247,-119.984339
40.441810,-111.832683
46.327780,-117.977845
35.169243,-119.109885
42.858330,-106.247159
40.734170,-111.968670
33.904445,-116.555809
42.279440,-123.621390
38.901311,-121.088024
32.804563,-116.920860
38.080953,-122.137506
0.000141,0.000333
38.021507,-121.280895
35.294502,-118.854003
41.159720,-112.001620
38.912571,-123.679495
38.020000,-121.760057
43.782852,-113.336367
34.508884,-117.918408
44.820000,-108.500000
40.667018,-112.029670
32.898600,-117.239878
37.943611,-121.330278
33.646104,-117.977534
41.619030,-112.387810
38.345349,-122.299679
36.896637,-119.749955
35.398474,-118.939682
37.490252,-122.212907
40.602658,-124.210199
37.586478,-120.125088
37.830000,-119.990000
33.742642,-117.171634
44.810214,-122.791723
38.606084,-122.852941
33.137302,-116.294591
38.070000,-121.860057
39.256625,-120.766706
0.000057,-0.000524
37.734616,-121.651943
34.468633,-119.884404
34.616705,-117.915777
41.888140,-121.378390
38.012173,-121.758406
42.210360,-122.707560
38.844430,-121.166139
37.130000,-119.499943
40.297222,-121.017222
40.610250,-111.579270
36.840000,-121.719944
41.732982,-108.788670
37.410000,-122.040000
42.441860,-121.250190
32.567539,-116.942388
37.490797,-122.388967
44.579670,-123.279673
33.136933,-117.335267
36.800296,-121.769123
33.115690,-117.089064
37.230000,-119.350000
35.956388,-120.851153
38.728606,-121.302881
33.128852,-117.197329
40.064207,-122.156114
34.120126,-117.639076
44.040560,-121.299107
38.080863,-122.137621
36.930594,-121.763827
38.937453,-122.608919
32.895001,-117.156266
37.925894,-122.369570
40.652140,-112.002560
36.488691,-119.582457
-0.000351,0.000238
37.551625,-122.293306
33.738254,-117.156540
38.315547,-122.681119
37.768954,-120.908163
46.617116,-120.528893
44.609973,-123.101044
-0.000561,0.000429
35.557000,-120.682600
33.820000,-115.439946
42.576164,-111.743890
37.801516,-121.223567
45.924440,-119.323124
40.508890,-112.042080
38.940000,-122.850000
35.652614,-117.794896
40.049030,-111.639580
40.666940,-112.029729
45.677500,-118.781812
33.015455,-117.002269
37.805545,-122.231142
36.605117,-119.375807
41.733138,-108.788550
40.432729,-123.472204
44.587500,-123.247220
40.557220,-111.836729
37.403674,-121.905734
36.224444,-121.124722
35.034469,-118.284112
39.176670,-111.030830
45.533303,-122.660066
44.546060,-123.312437
45.954973,-122.553957
32.904988,-117.172947
33.136854,-117.335448
33.021163,-117.134205
33.494981,-117.703174
34.828514,-120.448514
41.630830,-109.242560
42.249170,-110.224230
34.530000,-120.430000
38.120000,-122.330000
45.763303,-119.999373
38.444858,-120.516861
35.956469,-120.851210
44.271000,-121.171247
40.424440,-111.914170
40.850610,-112.826870
32.865240,-116.633752
44.409414,-108.919110
37.496937,-122.214157
44.796940,-108.583953
34.422210,-118.572386
40.075240,-111.585528
36.764004,-119.735877
33.771415,-118.100671
45.954973,-122.553823
38.385821,-121.775707
38.133000,-121.871000
42.536164,-111.793810
36.477816,-121.727004
40.666862,-112.029550
40.584774,-112.098890
40.026139,-120.961748
40.387138,-123.045061
37.595725,-122.018262
33.252187,-117.300305
40.791169,-121.937952
41.273970,-112.007970
38.340000,-122.639943
37.669674,-121.854360
46.697190,-120.653670
41.672561,-106.025721
36.718822,-119.765541
40.565000,-112.028551
41.312275,-110.831776
37.991468,-121.348603
41.067830,-111.988140
34.508897,-117.918698
32.883604,-117.222369
38.150000,-120.390000
40.761670,-111.829660
36.896637,-119.750067
37.603294,-122.420424
0.000408,0.000484
37.645873,-118.915864
38.903397,-121.069921
41.878420,-110.045121
33.247186,-116.675942
32.784270,-117.137579
35.285350,-119.308893
35.370000,-119.480055
33.910197,-116.545275
46.064170,-118.846455
35.402879,-119.455027
-0.000343,-0.000346
33.975915,-118.147884
38.670686,-121.969195
44.621670,-121.140217
41.648408,-109.499940
40.850610,-112.826750
35.195189,-119.585056
38.065980,-122.195734
32.941402,-117.032938
38.499503,-122.459202
-0.000721,0.000109
32.637837,-117.016014
34.488234,-118.117704
36.616183,-119.452409
41.294390,-105.557000
41.271640,-110.973190
46.172500,-123.843825
33.853163,-117.857995
37.245037,-121.796065
35.379801,-119.097984
33.021575,-117.096335
44.264500,-123.231670
44.911360,-123.310217
39.702220,-110.870000
37.797435,-122.281136
33.758230,-116.360903
35.295076,-119.591925
33.910377,-116.545492
46.102780,-118.921239
36.830000,-119.829944
35.284771,-116.064256
39.822220,-111.896193
38.739926,-120.677001
38.924808,-121.989951
35.295012,-119.592003
40.876389,-121.701111
40.686920,-122.641204
36.480000,-119.610056
46.102702,-118.921045
36.849910,-121.720000
37.079818,-119.485883
33.646032,-117.977892
40.330940,-111.760640
36.643363,-121.792138
34.075894,-117.241404
38.019895,-122.061271
40.537500,-112.018389
33.713624,-117.852576
34.006720,-117.943192
34.910595,-120.446463
33.463375,-117.570491
44.305480,-121.017437
37.535500,-121.856264
36.611337,-119.639755
33.938583,-116.576335
33.136427,-117.070292
35.270000,-120.700000
44.056940,-121.233890
33.784617,-116.410368
44.774170,-122.618953
39.539554,-122.262773
33.771584,-118.100596
32.784192,-117.137419
42.425884,-122.859170
36.850000,-121.720112
37.669592,-121.854300
38.030000,-121.750000
40.673114,-111.925000
38.342455,-120.934841
32.879741,-117.213383
41.878240,-110.044879
38.776617,-122.742430
36.428641,-120.338173
37.457743,-121.921413
46.067780,-118.361175
38.589393,-121.545027
32.825853,-117.183989
41.502610,-112.005720
40.565073,-112.046018
33.818770,-118.222366
33.889805,-117.588360
41.125114,-112.025596
40.075830,-111.958330
0.000103,-0.000234
37.565014,-122.319237
43.838060,-112.475063
45.699440,-121.521606
32.698743,-117.173304
40.501110,-111.975771
33.771584,-118.100488
42.238723,-107.549247
41.067830,-111.988020
37.397117,-122.010240
37.041636,-122.025423
43.310773,-107.619995
39.336200,-110.969054
39.059910,-121.710115
37.403756,-121.905675
-0.000679,-0.000335
34.910595,-120.446353
36.264507,-119.907357
38.798798,-121.220595
38.021301,-121.320308
44.286940,-105.386877
37.477109,-122.168047
37.510000,-121.840000
33.685278,-117.942778
35.208404,-119.100197
42.854690,-106.326110
41.975000,-122.358550
40.503140,-111.488060
38.412712,-120.660340
38.551630,-121.560208
42.129920,-121.935690
37.731896,-121.651898
34.021991,-117.331966
39.759999,-121.906894
38.776539,-122.742625
40.086127,-109.290993
36.718419,-119.818537
44.610054,-123.101110
32.959910,-117.090107
37.550000,-122.420000
0.000147,-0.000515
32.980790,-117.255466
36.719769,-119.766879
39.091887,-121.542884
37.855756,-120.944198
40.688810,-111.860170
38.033308,-122.115794
-0.000394,-0.000271
37.968746,-121.185898
39.142823,-123.191818
37.984803,-122.336618
39.464893,-120.844946
33.830083,-117.217274
38.728606,-121.302997
40.392432,-111.858865
37.991559,-121.348603
34.006810,-117.943192
40.319314,-111.736515
42.468095,-122.758072
37.363325,-120.760482
38.728606,-122.289418
36.216835,-121.126904
33.848363,-118.096994
37.359996,-120.614648
38.030728,-121.897080
40.685533,-111.800498
38.251505,-122.580692
39.540000,-121.490000
33.125525,-117.116750
37.120613,-120.472820
38.730198,-120.788107
42.858330,-106.298330
33.738434,-117.156540
32.670412,-117.114745
35.380000,-119.000000
34.022072,-117.331909
32.739034,-117.002753
37.487815,-122.310237
44.508390,-122.880670
39.761504,-121.618575
39.402806,-122.012872
37.436298,-122.242084
35.483209,-119.763585
37.342839,-118.472102
37.583254,-122.318976
42.858330,-106.247281
32.993784,-117.077745
46.584267,-120.556056
37.280915,-122.014942
40.608890,-112.029500
39.689280,-110.853280
41.137613,-111.885312
42.219973,-121.791733
33.018158,-116.853026
44.774170,-122.618827
45.600560,-122.727624
38.489406,-122.894261
37.477187,-122.167876
35.070000,-118.470000
43.309303,-112.121424
37.734694,-121.652114
34.160000,-115.120000
45.888610,-123.955000
40.677845,-122.349710
41.733060,-108.788490
37.006958,-121.557391
40.883330,-111.902160
32.826032,-117.184202
37.622364,-122.447178
37.937804,-122.514274
36.653206,-121.629642
35.319192,-119.128708
33.356030,-117.112096
37.030856,-122.187639
38.776957,-122.742717
37.670912,-122.160175
45.763384,-119.999440
35.296668,-118.861740
36.591256,-120.175012
40.528610,-111.864111
37.639049,-122.385896
37.780000,-122.379886
38.060000,-121.869943
40.608890,-112.029380
41.690374,-110.592688
40.400000,-111.403890
34.282368,-118.900896
38.401734,-121.919814
41.207833,-111.976952
37.069180,-121.077242
37.974867,-120.320608
-0.000138,-0.000147
42.931670,-122.948610
38.016891,-121.095875
36.645030,-119.159091
41.765830,-111.784380
40.905313,-124.072635
37.415395,-121.888678
38.910280,-111.251940
40.213772,-123.596704
36.825963,-119.681339
35.388272,-119.004405
37.876677,-122.186415
37.794695,-121.584578
39.981390,-111.956670
33.852652,-118.393678
45.665890,-121.523920
35.402798,-119.454970
34.312271,-118.481634
44.214860,-123.221280
36.653528,-121.629704
37.801185,-121.641610
40.753610,-111.883771
33.309253,-117.335086
39.980830,-111.800560
36.829973,-119.309942
40.021612,-121.065532
34.051000,-117.590054
37.842208,-121.054122
36.404261,-119.686240
39.157580,-122.147562
35.019534,-118.954779
35.977778,-120.116944
39.388064,-121.402937
37.685470,-113.084326
38.030761,-121.869201
34.980000,-120.260000
0.000556,0.000259
38.012317,-122.264655
36.073766,-120.936804
43.115280,-123.413060
40.765830,-111.904940
36.762784,-121.736254
34.930000,-118.420055
38.198682,-120.015358
35.475972,-118.986929
37.430833,-121.947222
32.795462,-116.972287
40.793884,-124.182906
33.929010,-116.719726
33.880581,-118.175286
33.938661,-116.576498
40.753610,-111.883890
38.012118,-122.654550
42.425803,-122.859107
32.707517,-117.245139
34.260000,-117.310000
35.034432,-117.702446
34.191656,-116.090520
32.829548,-117.157207
40.841670,-111.919500
38.066061,-122.195674
33.645951,-117.977610
36.804151,-121.783849
45.538330,-122.678094
37.428528,-120.638804
36.590000,-119.570000
33.771494,-118.100488
37.947223,-121.289348
42.211110,-121.738390
45.811606,-118.495210
42.198890,-121.410060
38.633774,-120.979605
38.982071,-121.635205
35.295166,-119.592035
-0.000033,-0.000518
40.685614,-111.800560
40.580560,-111.815501
40.765830,-111.905060
37.490252,-122.213135
34.420000,-118.570000
37.055221,-120.317015
33.928803,-118.105407
32.904809,-117.173160
40.304405,-121.224282
40.619030,-111.861250
42.666640,-105.401580
37.335142,-122.020824
33.646104,-117.977642
33.232063,-117.002339
41.052702,-121.408901
40.685533,-111.800622
32.980790,-117.255360
46.659440,-120.542566
41.976670,-122.361670
39.096131,-121.623771
34.120216,-117.639185
45.541440,-122.664720
40.331030,-111.760758
37.079638,-119.485657
43.069720,-105.615000
33.563077,-117.673245
40.470902,-122.331188
40.565073,-112.045900
39.143254,-121.648122
37.055061,-120.634086
43.272753,-122.447424
37.565014,-122.319352
40.449838,-122.305068
38.043333,-121.987222
36.446259,-119.799154
32.595364,-117.057680
35.442523,-119.260106
39.769836,-121.824158
37.335061,-122.020883
41.030000,-121.425940
32.743978,-117.046261
40.441720,-111.832683
38.238983,-122.636864
32.784270,-117.137472
0.000013,-0.000239
41.207833,-111.976828
40.785830,-111.897220
39.807677,-111.830186
36.530228,-120.316125
35.963410,-119.456796
37.457249,-122.186908
33.128852,-117.197222
35.402798,-119.455085
36.613591,-121.566779
37.003128,-121.538031
44.295000,-120.893393
39.043412,-121.090718
38.285641,-121.970310
37.863406,-122.498483
33.110493,-116.671104
39.822130,-111.896310
39.052778,-121.695833
42.420830,-123.363330
38.788044,-121.231830
40.145296,-122.212546
36.692060,-120.059189
39.174288,-111.029802
40.594970,-112.058750
-0.000393,-0.000677
42.836502,-105.778695
37.963709,-121.290620
34.077408,-117.201847
35.040000,-120.600000
41.649940,-107.824860
34.300886,-119.185632
33.136606,-117.070292
33.820000,-115.440054
43.798830,-123.040017
42.836670,-105.778488
39.940833,-120.875556
32.699024,-116.353840
42.836580,-105.778488
41.652473,-106.190497
41.643470,-108.258890
34.088223,-117.525528
41.219890,-111.977030
35.373094,-120.855187
38.247946,-122.268228
33.818722,-118.222651
33.021485,-117.096228
41.064242,-124.128367
37.397117,-122.010012
39.540000,-121.460000
37.069167,-121.076831
0.000057,0.000368
39.320099,-121.595289
40.092030,-111.585948
34.078727,-117.516685
45.559170,-122.408954
32.855038,-117.012064
32.790699,-117.022934
35.442523,-119.260327
37.224352,-121.741977
35.216013,-120.847545
32.795283,-116.972287
45.653890,-121.586670
39.378477,-121.684946
41.432568,-122.382960
-0.000279,-0.000409
36.694155,-119.724746
37.730000,-121.930000
38.606084,-122.852826
43.672310,-107.888268
44.732110,-123.009783
36.952058,-121.760238
37.068061,-119.495832
37.552919,-122.376331
38.356439,-121.979450
34.250000,-117.290000
37.079638,-119.485883
39.735280,-110.848810
38.937274,-122.609149
43.280720,-122.402500
38.309704,-122.731646
35.093593,-119.278466
45.537220,-122.615344
40.312220,-111.656471
35.195189,-119.585166
37.328246,-121.902531
40.790830,-111.929940
41.586500,-112.276860
37.120613,-120.472707
38.031063,-121.869045
37.979737,-120.414515
37.551444,-122.293306
40.688720,-111.860051
46.451940,-120.426735
34.874547,-117.064746
35.610000,-119.370000
46.365530,-117.832060
39.247383,-121.637248
36.543895,-119.204618
32.832850,-117.131999
46.375560,-117.777220
36.803995,-121.783849
41.297280,-111.969390
38.544140,-112.407610
37.998666,-121.783373
36.952139,-121.760180
37.330000,-121.739943
37.541100,-121.962004
39.997571,-111.422928
44.271000,-121.171373
44.076110,-121.302923
46.062193,-122.204507
40.907373,-112.734843
40.436389,-122.268611
37.260000,-121.900000
41.243280,-111.946110
46.596110,-120.577566
39.231117,-121.034886
35.857137,-119.088948
34.106106,-117.979470
38.589312,-121.544967
37.970776,-122.527005
35.541055,-119.805238
37.801335,-121.223567
35.370000,-119.479945
43.603060,-106.268060
35.360000,-119.480055
46.375280,-120.197995
42.253890,-123.148610
37.691277,-122.061003
34.878261,-120.331207
38.241389,-121.855000
39.000000,-120.710000
34.125317,-118.152210
41.652554,-106.190560
45.999720,-123.916175
37.734772,-121.651943
39.137321,-121.643902
33.818788,-118.222725
35.034432,-117.702556
36.653344,-121.629348
37.963060,-122.052420
33.614957,-114.682935
44.568170,-123.257330
-0.000121,-0.000497
38.263286,-122.269281
35.038349,-118.292712
38.709819,-122.907957
43.503143,-111.985575
42.096670,-123.681390
40.803484,-111.927813
37.280915,-122.014824
45.677578,-118.781876
40.800280,-124.195654
34.125227,-118.152210
34.625274,-120.118249
45.676110,-118.836876
38.030625,-121.896783
38.140000,-120.400000
37.816383,-121.586176
34.125227,-118.152101
37.797357,-122.281079
38.401554,-121.920044
39.231197,-121.034946
41.141227,-112.057452
38.231082,-121.590297
36.785438,-121.671109
38.776707,-122.742430
36.217014,-121.126682
36.800000,-119.690000
35.475894,-118.986874
32.745605,-117.078645
32.854503,-116.968288
38.512048,-122.880906
39.931954,-122.187324
36.477816,-121.726893
41.759098,-110.601669
37.253224,-121.013140
39.382780,-111.083832
38.330000,-122.629943
38.356439,-121.979570
34.207444,-119.249125
32.673052,-117.107266
32.562238,-117.026524
34.041253,-117.320727
38.020075,-122.061271
36.922328,-119.984280
33.101092,-117.250454
32.595287,-117.057520
37.810249,-122.271386
34.078727,-117.516794
37.417510,-122.066192
38.480645,-120.844629
38.575523,-121.497588
41.502610,-112.005840
38.022339,-122.537978
40.580560,-111.815619
42.465560,-122.880690
45.110280,-106.870280
35.121780,-118.388974
38.379003,-122.711962
34.000000,-116.500000
37.990674,-121.282373
34.860206,-116.853187
34.986241,-118.739042
44.534140,-122.910733
40.145296,-122.212428
36.824388,-119.769224
41.051670,-111.619170
40.736830,-111.946030
37.523320,-122.264967
37.069077,-121.076831
37.457330,-122.186967
42.220054,-121.791670
42.836517,-105.778574
32.859675,-116.899156
34.468633,-119.884294
35.382796,-119.696349
39.951140,-112.049809
41.759080,-110.601270
38.480645,-120.844744
39.256625,-120.766590
39.491602,-121.541221
40.750560,-111.861670
40.656030,-111.958950
37.069095,-121.077205
37.240090,-121.779887
37.303339,-121.840923
38.829336,-122.810893
32.877637,-117.167891
40.722220,-111.987160
36.840000,-121.720056
37.504458,-120.007736
45.563170,-122.599046
38.693047,-120.825779
37.912500,-121.260833
37.994085,-122.130312
40.479568,-123.780342
37.691719,-122.455763
42.168000,-121.822440
38.190132,-121.181632
44.625000,-123.079503
44.433000,-121.247717
39.174288,-111.030033
33.910000,-116.670000
37.810249,-122.271500
33.562897,-117.673245
34.088201,-117.525683
37.470000,-121.810057
37.244856,-121.795838
32.901543,-117.229958
44.142940,-123.075280
42.323970,-122.822481
35.295166,-119.591925
41.648330,-109.500120
35.797637,-119.285984
36.624374,-121.688350
39.059910,-121.709885
35.615568,-120.679833
34.079271,-117.240376
35.316584,-119.068403
45.955054,-122.553890
33.765897,-118.103719
33.998470,-117.678924
38.744282,-121.161565
36.222455,-119.779888
45.538330,-122.677966
41.304440,-112.055560
41.726753,-112.160327
35.316404,-119.068403
40.331053,-111.757001
41.074170,-111.957500
40.127990,-122.097838
44.911360,-123.310343
39.581860,-110.728970
42.733968,-122.514939
37.280000,-121.830000
40.500830,-111.958060
37.605189,-122.390931
39.807843,-111.830529
-0.000589,-0.000492
37.303709,-121.867685
38.285560,-121.970250
32.795125,-116.996848
40.584693,-112.098828
40.336670,-111.758271
39.336020,-110.969286
32.738434,-115.994209
38.145652,-121.177439
33.355850,-117.112096
0.000468,0.000416
39.402806,-122.012988
43.355890,-122.248872
39.207939,-121.301476
37.947042,-121.289348
37.740000,-121.480000
37.428528,-120.638690
36.992347,-121.982028
36.650000,-120.730000
33.136516,-117.070399
40.776780,-111.950000
40.842330,-111.945280
38.693047,-120.825664
40.755940,-111.903420
-0.000728,-0.000161
37.377307,-121.085672
40.665280,-111.835620
41.648252,-109.500060
35.570978,-119.115463
42.733812,-122.514939
37.234159,-121.900379
37.943825,-121.969415
44.765560,-121.252780
39.026121,-121.543080
40.781043,-124.131944
32.667194,-116.700208
34.008584,-117.949878
42.308220,-111.359761
38.031013,-121.869372
37.669592,-121.854419
37.672646,-121.859464
37.860000,-121.880000
46.690054,-120.731940
43.266816,-122.410047
40.337780,-111.722190
36.241606,-119.902996
40.733060,-111.989380
40.782782,-124.112356
41.740830,-111.796110
37.916205,-122.303251
37.805364,-122.230913
38.786699,-123.522777
36.660000,-119.630000
45.663060,-120.359440
38.052745,-120.217268
40.441641,-111.832884
39.807830,-111.830103
35.449973,-119.480057
38.245262,-122.041222
37.120733,-120.250553
33.018078,-116.852971
33.817316,-116.454898
39.673450,-121.727360
41.648408,-109.500060
42.576083,-111.743827
40.766083,-111.893122
38.471453,-123.012190
43.274170,-122.449030
35.410000,-119.169945
37.700802,-121.733834
33.830599,-116.497612
36.269990,-119.648756
34.930000,-118.419945
33.946016,-117.922135
32.699024,-116.353734
37.919594,-121.676423
35.342221,-119.913255
34.282548,-118.900896
42.165970,-123.637440
33.852652,-118.393894
32.784115,-117.137579
37.098611,-121.047500
32.893904,-117.135743
41.503060,-112.004170
35.311332,-119.083574
44.520560,-121.250000
41.141110,-112.057500
40.594553,-124.135246
33.770090,-118.250108
39.035984,-120.987909
40.182082,-122.333134
38.496510,-122.759605
34.508714,-117.918484
33.938583,-116.576553
42.301000,-122.910810
39.654564,-121.635232
37.068061,-119.495719
38.263286,-122.269166
37.720851,-121.480275
34.006720,-117.943083
38.412712,-120.660225
44.625000,-123.079377
38.056504,-120.533868
40.508310,-109.576639
39.121407,-122.224176
39.311461,-123.786522
34.120216,-117.638967
32.707338,-117.244926
34.106025,-117.979413
42.452580,-121.506000
37.120814,-120.250611
42.236060,-121.758190
40.716220,-111.880830
38.145561,-121.177554
43.355140,-124.214268
36.653446,-121.629749
37.260000,-121.639943
46.689973,-120.731872
35.194167,-119.570556
37.720000,-122.220000
33.998470,-117.679032
44.957830,-108.673253
39.213611,-122.003076
32.658118,-117.091793
40.600830,-112.477500
34.088381,-117.525683
33.911933,-118.052003
40.624110,-112.286793
40.624494,-111.822220
45.537220,-122.615216
37.363325,-120.760368
40.785971,-111.875439
33.910000,-116.630000
36.707075,-119.610758
33.512867,-117.665489
37.272923,-120.486978
33.050604,-117.285380
35.978056,-120.116889
36.902618,-119.771768
42.296110,-122.827281
0.000268,0.000207
32.804473,-116.920860
35.033210,-116.467335
44.574720,-123.260497
37.272743,-120.486978
37.240090,-121.780113
39.505424,-121.559376
37.292156,-121.935854
42.238723,-107.549373
37.060000,-120.079944
36.181460,-120.030669
33.287260,-116.348867
37.335061,-122.020765
42.820830,-106.317159
40.264500,-111.875310
34.125136,-118.152210
34.825223,-120.298953
38.001509,-122.066739
38.575917,-121.497846
43.554720,-112.220830
36.599917,-121.890341
40.588060,-111.967720
39.776083,-122.103830
37.740427,-121.668580
36.825963,-119.681222
37.557155,-122.057606
40.515560,-112.296881
33.206561,-117.253069
33.904445,-116.555696
39.129494,-123.711837
32.665044,-116.986854
40.767793,-111.930705
33.128774,-117.197383
35.310000,-119.630000
41.104860,-112.045050
34.300976,-119.185523
43.235830,-123.389610
34.933939,-117.692217
42.180830,-121.699170
43.206670,-123.240560
32.854859,-117.012064
44.433000,-121.247843
32.844517,-117.236933
42.733812,-122.515061
40.254290,-110.143755
36.655315,-120.580328
35.508179,-115.531250
34.207366,-119.248961
41.733060,-108.788730
40.634440,-111.855340
39.043591,-121.090948
39.491682,-121.541161
36.480000,-119.609944
37.799595,-121.907789
40.774350,-111.838211
46.330884,-120.013060
42.710560,-111.595341
35.377034,-119.077971
39.030000,-120.609942
43.838060,-112.474937
38.091038,-122.248601
37.409054,-122.032130
38.030556,-121.870000
40.719440,-112.081110
37.797357,-122.280965
0.000508,-0.000263
37.353859,-121.955871
39.060090,-121.709885
38.245082,-122.041452
39.491602,-121.541101
41.249446,-112.013104
38.019895,-122.061500
40.608890,-111.874780
43.392952,-124.230642
37.799595,-121.907903
32.883604,-117.222480
33.784527,-116.410260
46.295280,-119.998890
42.425803,-122.859233
40.566250,-112.038330
46.375280,-120.198125
40.369000,-111.744440
46.563610,-120.647006
33.818691,-118.222549
35.500104,-119.151881
37.060000,-120.080056
35.320122,-120.692842
40.085947,-109.290993
33.125525,-117.116964
38.160000,-109.307780
32.583329,-117.097268
33.908478,-118.423045
38.080863,-122.137392
32.631634,-117.099518
32.741557,-117.233258
32.885017,-117.200894
-35.000000,-1103912181.000000
37.970000,-120.300000
38.031055,-121.869271
39.139446,-121.583388
41.501830,-111.992610
46.071300,-118.305129
-0.000232,-0.000759
44.634470,-123.111690
37.366326,-121.843730
36.680000,-121.670000
39.027887,-122.662363
42.644440,-111.696549
36.653636,-121.629529
32.859854,-116.899156
40.574282,-112.110876
38.972898,-123.081134
-0.000208,0.000347
35.107488,-118.922827
41.135000,-121.127778
34.986614,-118.738637
38.166048,-122.253616
36.488535,-119.582457
33.125525,-117.116857
37.770000,-122.260057
33.384667,-117.236924
33.494801,-117.703174
40.982417,-111.891707
37.328165,-121.902590
37.653870,-122.402971
42.644440,-111.696671
46.580830,-120.499720
38.021173,-121.905785
36.704412,-119.882840
33.685294,-117.943088
39.811047,-121.919761
-0.000348,0.000595
37.239910,-121.779887
38.295350,-122.278637
37.500418,-121.987150
38.744282,-121.161680
41.218060,-112.025620
45.026885,-106.826076
33.137123,-116.294378
37.069167,-121.076944
-0.000177,0.000653
40.791169,-121.937832
37.120733,-120.250670
42.853330,-108.688330
33.856544,-116.496868
40.713890,-111.550060
40.880140,-123.980584
37.335971,-122.042746
44.076110,-121.302797
42.156940,-112.311050
41.790810,-107.111140
37.419910,-121.729886
38.030535,-121.896668
32.941483,-117.032882
40.761670,-111.829780
36.531548,-120.106916
35.354634,-119.294380
37.490161,-122.213021
42.323970,-122.822359
43.332681,-122.702770
44.957920,-124.007623
35.316404,-119.068182
33.253259,-117.085910
36.136583,-120.344012
40.355220,-111.909381
34.878261,-120.331317
35.600398,-119.437498
41.953330,-121.471110
36.731511,-121.613250
38.776720,-122.742849
41.728980,-122.631790
42.651940,-105.393330
40.867132,-124.088286
45.936780,-118.580110
38.385821,-121.775822
36.578692,-121.909026
39.807662,-111.830301
37.994085,-122.130427
36.298510,-119.242225
37.097275,-120.156454
32.904809,-117.172947
0.000234,-0.000490
34.179800,-119.083100
33.329081,-117.235416
35.295514,-119.021525
33.922289,-116.872830
40.513470,-122.378916
40.501110,-111.975889
34.221458,-118.187127
36.616183,-119.452521
32.898779,-117.240092
44.853636,-121.184986
39.007955,-122.893894
32.595209,-117.057680
37.127279,-121.658943
32.829548,-117.157318
40.688630,-111.860170
34.990088,-117.542599
38.592664,-122.578620
38.000648,-121.750770
44.828114,-106.941670
37.768872,-120.908223
42.198890,-121.409940
40.556110,-111.900560
38.342275,-120.935071
37.260000,-121.640057
41.432500,-122.382780
34.120216,-117.639076
41.137613,-111.885188
46.038060,-118.806110
32.825853,-117.184202
39.941614,-122.041739
44.574720,-123.260623
32.681569,-117.120031
36.632844,-120.531625
44.346670,-106.701940
40.624413,-111.822158
35.038349,-118.292822
40.766164,-111.893060
32.566334,-116.944389
42.093890,-122.071450
33.125614,-117.116857
39.716250,-121.521010
34.021991,-117.331852
40.800080,-111.925955
36.531554,-119.882758
32.600973,-115.627610
38.843330,-111.994382
40.687170,-111.460700
40.822310,-111.924290
-0.000616,0.000357
40.751780,-111.829720
37.250000,-121.770000
37.127459,-121.658717
33.014315,-117.198557
32.713308,-117.151509
39.013055,-121.418524
44.307220,-120.853393
35.376775,-119.092597
35.373004,-120.855297
37.991559,-121.348717
32.637918,-117.016070
37.280996,-122.014883
34.921148,-118.413537
37.552919,-122.376445
36.298420,-119.242336
38.075551,-122.539890
34.207444,-119.248907
33.946016,-117.922353
38.170000,-122.250000
39.378477,-121.685062
36.870000,-119.810000
38.776892,-122.742796
34.937088,-110.301926
34.006630,-117.943192
39.716095,-121.521010
40.282720,-111.690449
37.653952,-122.403031
34.891462,-118.432579
36.569113,-119.418417
37.680131,-121.780593
33.932426,-116.612000
37.714254,-121.564571
36.700000,-120.680000
34.874547,-117.064636
42.420830,-122.964720
37.711238,-122.148806
35.316584,-119.068182
35.658183,-120.040362
41.103866,-111.945255
39.136667,-121.648333
39.007955,-122.893779
37.916205,-122.303137
37.979660,-121.316628
38.070000,-121.870057
34.004191,-117.565285
36.804073,-121.783681
39.786283,-123.248505
41.298610,-112.015280
40.789542,-111.904879
37.720000,-121.130000
44.388890,-123.014440
38.040000,-121.980000
38.080863,-122.137506
37.227515,-119.691084
34.148413,-118.711809
42.925000,-105.771879
38.445454,-121.826237
32.978723,-117.031410
32.779098,-117.156810
38.436912,-122.713310
39.063719,-123.437524
36.982887,-120.033746
40.822130,-111.924290
37.719722,-121.487778
40.234671,-111.631144
32.904988,-117.173160
39.941890,-111.900691
42.200737,-122.699465
34.810278,-118.720000
36.700798,-119.754374
40.441656,-111.832767
33.550076,-117.627986
33.910000,-116.570000
37.979480,-121.316399
37.420090,-121.729886
34.207522,-119.249071
34.207522,-119.248961
37.253224,-121.013027
39.157580,-122.147677
36.922247,-119.984222
36.400235,-120.103216
44.286940,-105.387003
33.815674,-117.834558
38.659699,-120.946938
36.850000,-121.720000
38.655596,-121.060060
41.207914,-111.976890
41.857220,-106.551450
32.744083,-116.957295
45.533303,-122.659934
41.222276,-111.930582
34.986624,-118.738747
38.401554,-121.919814
45.792220,-119.310766
34.282548,-118.900678
35.372914,-120.855187
35.290000,-119.450000
41.063330,-111.058330
40.688720,-111.860289
36.692060,-120.059301
33.646117,-117.977927
39.110189,-122.812980
40.667018,-112.029550
40.782863,-124.112418
37.586891,-121.869379
45.506110,-122.674560
41.635940,-112.129310
40.539440,-111.896670
33.904527,-116.555752
36.850000,-121.719888
37.477109,-122.167933
42.828250,-106.243140
43.683303,-111.911175
33.924500,-116.530700
37.323795,-119.634063
40.981890,-111.891170
37.691801,-122.455704
44.142500,-121.270280
43.797780,-112.367220
37.731896,-121.652012
34.770000,-118.209945
40.441913,-111.833109
37.006877,-121.557333
37.909009,-122.057127
34.600000,-120.390000
34.300886,-119.185414
37.590000,-120.290000
37.950000,-122.400000
37.837504,-122.263563
35.442343,-119.260106
32.854584,-116.968344
34.903100,-118.251455
40.254290,-110.143873
33.141460,-117.238738
41.630830,-109.242440
34.700622,-120.435261
44.664810,-123.060153
42.536083,-111.793747
32.670412,-117.114638
38.108602,-122.568403
42.720500,-112.753781
40.495000,-111.899063
32.741378,-117.233471
34.590373,-117.431752
38.126389,-121.775057
37.966073,-122.278534
38.575523,-121.497473
35.658117,-119.996015
36.488613,-119.582290
37.583335,-122.319035
40.610250,-111.579390
42.183890,-111.828390
33.815674,-117.834450
37.979660,-121.316399
37.797513,-122.281079
40.722220,-111.987280
42.514440,-122.756940
37.665987,-121.831011
40.579170,-111.899229
38.379003,-122.712081
34.903100,-118.251345
42.445000,-123.366329
34.145264,-116.185971
37.748396,-121.415646
36.748943,-121.605414
46.622270,-122.915810
38.277222,-120.914444
38.030623,-121.869388
32.827783,-116.789873
36.867181,-120.328254
39.786283,-123.248621
40.660140,-111.503000
46.102780,-118.920981
41.277220,-112.233330
32.826032,-117.183989
34.943887,-118.824836
0.000339,0.000542
37.700982,-121.733606
42.176110,-122.648250
33.880581,-118.175068
46.701670,-120.525896
40.767642,-111.930585
36.468298,-121.390171
33.137022,-117.335267
36.488613,-119.582513
41.648252,-109.499940
35.553885,-119.096650
34.088223,-117.525636
41.031970,-111.901030
38.678152,-121.760083
34.245053,-115.568108
44.409333,-108.919176
36.720000,-120.720000
40.441672,-111.832995
44.810214,-122.791849
37.417428,-122.066133
40.825560,-111.919720
37.734616,-121.652057
40.790830,-111.930060
33.089572,-117.203236
39.149720,-112.736190
39.017625,-122.061575
36.136584,-120.344032
37.140000,-121.580000
33.136951,-117.335622
38.342275,-120.934841
44.957920,-124.007497
-0.000090,0.000090
39.331168,-121.192011
33.206561,-117.252855
37.605280,-122.391045
34.079190,-117.240319
40.432729,-123.472322
42.249560,-121.800910
41.455560,-110.811670
42.249560,-121.801030
46.064170,-118.846325
38.031607,-121.945728
41.823610,-110.327560
39.267746,-120.776023
33.369323,-117.553506
37.659003,-122.063200
40.426330,-111.938119
37.315431,-121.015052
42.334530,-122.869049
36.293864,-121.200070
38.776554,-122.742511
39.505245,-121.559376
35.362132,-118.923734
43.283060,-123.351878
36.707075,-119.610870
40.734170,-111.968550
-0.000154,0.000026
40.716670,-112.028550
42.328610,-122.939720
38.608420,-109.607420
34.300886,-119.185523
38.960000,-122.840000
37.680131,-121.780707
37.184412,-120.273463
46.622360,-122.915810
34.221458,-118.187017
39.313743,-120.496804
37.342761,-118.471931
32.898600,-117.240092
33.384667,-117.237031
45.562730,-122.562908
39.043412,-121.090948
39.336200,-110.969286
44.062444,-121.312750
43.027500,-123.291110
33.115770,-117.089119
33.285789,-116.958523
0.000033,-0.000808
32.804473,-116.920754
39.361768,-123.128060
37.837504,-122.263444
41.454500,-110.880220
36.241606,-119.902885
35.360000,-119.479945
36.545076,-120.334519
36.105863,-118.935391
36.556790,-121.897162
40.767966,-111.930651
38.937274,-122.608919
40.182587,-122.244846
44.724440,-121.248610
40.755970,-111.887280
38.552283,-121.694532
38.436831,-122.713251
44.579670,-123.279547
37.511677,-122.207563
40.619021,-122.322379
46.070250,-118.379250
39.226226,-121.422634
35.475894,-118.987094
35.602066,-119.326345
37.224352,-121.742091
39.027887,-122.662248
35.101771,-120.580996
39.486707,-121.687993
35.448654,-120.870416
43.392952,-124.230518
41.537060,-109.272840
32.784115,-117.137472
33.645967,-117.977818
42.308400,-111.359519
38.730198,-120.787987
41.175830,-112.018060
39.052222,-121.692500
36.653272,-121.629719
38.181446,-120.030670
33.196818,-117.381850
36.135997,-120.344442
37.890419,-120.529120
44.699640,-122.848330
40.767881,-123.873650
40.766083,-111.892998
38.014790,-121.790536
39.213611,-122.002960
37.353859,-121.955985
41.925560,-121.565890
40.070000,-121.150059
34.468711,-119.884459
34.008404,-117.949878
38.056667,-122.219444
37.499648,-122.244033
32.894083,-117.135743
36.770622,-119.393233
32.744164,-116.957239
37.436216,-122.242025
39.170076,-121.661257
36.653254,-121.629348
41.933330,-122.436720
37.079818,-119.485657
39.477030,-110.999978
37.347700,-121.922304
40.992222,-121.974940
37.745035,-121.936005
33.833699,-116.524642
32.702305,-117.182059
37.477265,-122.167933
40.739720,-111.886270
37.779910,-122.380000
40.664170,-112.087220
36.862729,-121.405867
37.233979,-121.900152
40.706110,-111.950770
40.789542,-111.904641
42.211110,-121.738270
37.998747,-121.783314
37.837585,-122.263503
37.746099,-121.653765
42.733890,-122.514878
40.783524,-112.005140
38.013889,-121.860556
40.660140,-111.503120
35.226050,-119.377839
39.807758,-111.830491
38.070000,-121.869943
35.160000,-119.370000
40.588610,-111.427500
35.295094,-119.592290
46.102858,-118.921045
41.633060,-121.226390
38.055210,-122.760914
40.176623,-111.926490
42.388530,-122.853530
37.202114,-119.240844
36.850000,-121.760112
40.584720,-111.971670
40.430280,-111.792220
37.490252,-122.213021
37.341025,-121.900950
38.575523,-121.497703
40.091850,-111.585948
38.936443,-121.466469
36.704331,-119.882781
36.400235,-120.103104
46.327780,-117.977715
34.070765,-117.512555
38.020000,-122.369943
41.270280,-105.610000
40.755770,-111.903625
32.879561,-117.213383
-0.000450,-0.000100
37.930000,-122.380000
38.658396,-121.136403
36.298600,-119.242336
42.820830,-106.317281
40.793884,-124.183026
36.785438,-121.670992
41.629720,-108.760280
41.881390,-123.864720
42.345560,-122.844231
34.120306,-117.639076
41.056514,-123.682252
36.694155,-119.724970
40.981890,-111.891050
38.238983,-122.636745
-0.000426,0.000549
38.589312,-121.545086
40.544530,-111.959140
38.080773,-122.137506
42.347220,-122.888060
37.632564,-122.101300
41.159720,-112.001500
43.309303,-112.121296
0.000262,0.000590
37.955266,-121.332535
38.633774,-120.979720
40.375000,-111.782780
32.714198,-117.169442
37.692184,-121.418182
44.024413,-107.976455
33.940000,-116.730000
38.350000,-122.650057
-0.000452,-0.000010
42.401390,-121.045280
41.056670,-111.593390
34.610000,-120.220000
35.371389,-119.018333
38.120033,-122.613629
37.734772,-121.652057
37.764310,-113.020920
33.141460,-117.238849
42.206110,-107.874720
34.828514,-120.448624
36.136078,-120.344500
42.342220,-122.784170
37.909009,-122.057013
39.684962,-123.476979
40.441996,-111.833061
42.013060,-121.417780
33.946196,-117.922135
32.681650,-117.120087
39.110000,-121.640000
37.432851,-122.202607
36.508853,-121.446856
35.107547,-119.398151
33.771512,-118.100847
-0.000531,-0.000561
33.136870,-117.335343
37.504458,-120.007850
33.856544,-116.496976
41.652473,-106.190623
32.855038,-117.011851
42.881670,-105.949110
33.122737,-117.287981
41.733060,-108.788610
37.700982,-121.733834
36.822031,-119.858638
37.541100,-121.962122
45.418060,-117.282500
34.625274,-120.118139
39.231117,-121.035006
35.608038,-119.325523
40.515560,-112.296999
32.631634,-117.099624
-0.000315,-0.000723
37.748396,-121.415760
33.014234,-117.198613
40.130000,-121.170000
37.632663,-121.785728
38.552283,-121.694418
37.653870,-122.403090
36.902958,-121.755731
35.856957,-119.088726
33.137035,-117.335657
33.494801,-117.702958
37.670993,-122.160116
39.938128,-120.910322
36.591175,-120.174954
41.867500,-122.464140
37.021645,-122.154383
32.879561,-117.213596
38.285560,-121.970370
37.415395,-121.888564
36.950000,-119.000056
42.525000,-108.762110
42.458060,-123.324379
37.790000,-122.250057
36.578692,-121.908910
33.869791,-118.333190
45.579720,-122.667780
37.772676,-120.825545
38.760000,-121.760000
35.570805,-121.055868
35.741389,-119.051111
36.829973,-119.310058
37.589627,-122.363434
35.362213,-118.923677
40.392432,-111.858983
37.260270,-121.890082
42.250560,-122.792720
36.982806,-120.033687
36.400000,-120.319944
42.733890,-122.515122
36.979885,-121.867457
40.182767,-122.244610
40.766435,-111.860388
37.700000,-122.150000
38.060000,-121.870057
38.180241,-121.878266
33.014809,-116.875430
41.218060,-112.025500
39.466564,-120.844348
38.030625,-121.896668
32.790878,-117.022934
0.000518,0.000341
38.499503,-122.459087
32.664500,-115.673900
37.342917,-118.472045
35.601596,-119.579654
38.091038,-122.248487
34.422210,-118.572166
37.006877,-121.557450
33.713543,-117.852632
35.756640,-117.380613
33.765897,-118.103607
44.402110,-122.723393
37.937804,-122.514159
40.580830,-111.857441
34.986144,-118.738863
35.500556,-119.045833
41.975000,-122.358670
40.331030,-111.760522
34.986223,-118.738677
37.746036,-122.403024
41.431390,-122.389440
39.197538,-123.192135
35.410000,-119.170055
46.330803,-120.013128
35.379720,-119.097927
37.937014,-121.528389
33.769910,-118.249892
46.659440,-120.542434
41.828780,-112.126390
37.499648,-122.243914
44.047780,-121.328123
32.595287,-117.057733
32.562238,-117.026418
40.666940,-112.029491
39.209514,-121.061004
35.555363,-115.459210
33.014234,-117.198502
33.848282,-118.096938
35.319444,-119.662222
37.404832,-122.068915
33.285968,-116.958737
35.419167,-118.925888
34.859848,-116.863239
33.852472,-118.393894
37.936933,-121.528329
39.746242,-122.011361
37.335802,-120.505173
37.397297,-122.010012
36.720000,-120.600000
36.216835,-121.126682
33.771430,-118.100564
39.510000,-121.510000
36.992167,-121.982028
36.195786,-119.439085
36.105683,-118.935169
38.030487,-121.896970
38.670686,-121.969080
37.304753,-121.753533
40.555976,-111.937982
40.656030,-111.958830
43.061670,-124.123330
32.827783,-116.789979
38.317439,-121.834122
44.024494,-107.976390
44.047780,-121.327997
32.882113,-117.223019
46.138890,-118.930765
37.805545,-122.230913
39.078066,-122.531625
33.903611,-118.414167
42.349170,-106.230280
39.550560,-111.597780
36.621101,-120.178222
38.829336,-122.810778
42.265740,-111.750121
37.245037,-121.795838
40.858611,-121.765833
37.227515,-119.691198
36.611417,-119.639697
45.924440,-119.322996
38.125383,-121.847870
34.128745,-117.423003
37.551625,-122.293078
38.425273,-122.832157
38.021301,-121.320427
33.771597,-118.100882
37.342839,-118.471988
35.351278,-120.050713
33.818860,-118.222474
43.018890,-108.410499
33.938505,-116.576390
-0.000057,-0.000802
43.503143,-111.985705
37.692184,-121.418297
41.603610,-122.522500
40.086127,-109.290757
41.603420,-112.160560
41.834830,-112.052810
34.106025,-117.979527
35.652614,-117.794786
36.645030,-119.159203
-0.000497,0.000493
37.360896,-121.864069
40.712500,-111.813830
39.331874,-121.101368
46.062274,-122.204440
41.726834,-112.160390
34.625262,-120.186422
37.711057,-122.148806
41.683384,-109.903610
33.374340,-117.554752
37.594584,-122.489042
42.227661,-121.796517
41.533330,-109.490340
46.701670,-120.525764
37.898253,-122.524303
41.103866,-111.945135
37.880000,-122.239943
40.733170,-111.911560
42.871940,-106.359109
35.992007,-119.571370
37.974949,-120.320668
33.818873,-118.222760
32.741378,-117.233258
35.475972,-118.987039
42.357780,-122.904440
40.336670,-111.758389
33.378277,-117.457334
39.718793,-121.821078
37.801516,-121.223796
34.950628,-120.444259
33.785845,-116.342689
45.709720,-120.030000
38.199837,-120.719506
44.040360,-121.317890
33.914170,-116.577685
37.672646,-121.859579
37.130000,-119.500057
35.440683,-119.020613
40.907454,-112.734905
42.427334,-123.321126
37.864702,-122.080424
32.844598,-117.236988
42.720500,-112.753659
33.256701,-117.416547
37.459973,-122.399941
43.462220,-105.329720
32.911198,-117.112589
40.789722,-111.904879
37.366326,-121.843848
40.767883,-111.930699
36.787953,-119.787429
33.667334,-117.642727
34.041331,-117.320673
44.534140,-122.910607
38.809281,-121.745150
37.436216,-122.242143
45.792220,-119.310894
44.305480,-121.017311
38.030761,-121.869086
38.480000,-122.320000
37.336200,-118.520210
35.150000,-119.480055
40.527110,-111.905749
32.911118,-117.112533
41.312220,-110.863860
41.263812,-112.232296
43.108060,-123.415830
32.859675,-116.899369
39.267746,-120.776254
34.077408,-117.201738
37.202033,-119.240903
44.319898,-105.896726
43.021723,-105.835873
32.790878,-117.023147
37.415305,-121.888564
34.625262,-120.186312
36.804151,-121.783737
35.500104,-119.151991
45.549920,-122.604110
37.963060,-122.052301
40.541123,-124.063820
40.537500,-112.018271
42.238804,-107.549310
32.698823,-117.173249
37.908852,-122.057013
34.380404,-116.876860
33.848282,-118.097050
35.455722,-119.631903
33.665063,-117.768051
35.895076,-119.510968
37.797435,-122.281022
32.840122,-117.275177
42.345560,-122.844109
34.380404,-116.876750
44.796940,-108.583827
40.782877,-124.180642
37.595725,-122.018034
33.137123,-116.294591
34.986313,-118.738677
44.957830,-108.673127
35.320122,-120.692953
40.768944,-111.925280
42.641810,-111.887500
40.182767,-122.244846
35.150446,-118.878814
0.000180,0.000627
42.483190,-110.121890
32.681569,-117.120142
36.850688,-120.466577
33.771687,-118.100876
41.834830,-112.052690
40.884420,-111.905190
37.763267,-122.214503
40.098750,-111.730530
37.864702,-122.080309
35.515556,-119.040000
37.335802,-120.505287
40.182587,-122.244610
41.294542,-124.056522
32.673052,-117.107372
37.528913,-122.361067
41.243280,-111.946230
35.559194,-118.957501
40.686670,-111.893560
45.673720,-120.216250
40.403330,-111.753330
37.069013,-121.076911
39.822220,-111.896427
45.953060,-122.566110
38.211346,-122.131078
33.549896,-117.627986
42.042060,-111.985060
34.129718,-119.168885
-0.000087,0.000665
35.018589,-118.979536
43.355140,-124.214392
38.216066,-122.112140
32.653246,-116.488126
41.037940,-111.952780
40.687170,-111.460580
32.744058,-117.046316
0.000186,-0.000197
36.290000,-119.710000
42.682500,-122.677500
35.295179,-119.592326
42.165970,-123.637560
41.726753,-112.160453
36.605651,-119.773312
44.621670,-121.140343
34.508987,-117.918692
33.369701,-117.554274
33.141540,-117.238793
40.541123,-124.063939
32.595209,-117.057573
39.600000,-121.180000
36.693976,-119.724746
42.381670,-122.925499
38.342455,-120.935071
41.964530,-110.263280
41.732982,-108.788550
37.315431,-121.015165
37.711057,-122.149035
33.021664,-117.096228
35.269100,-115.492920
44.061940,-121.343610
38.350000,-122.649943
40.430000,-122.270000
37.970858,-122.527065
46.616936,-120.528631
33.809183,-117.983546
39.582923,-122.010645
38.330000,-122.680057
42.265920,-111.749879
37.069029,-121.077128
33.018078,-116.853082
42.193440,-121.765860
36.529024,-121.414287
33.809003,-117.983330
36.217014,-121.126904
38.655416,-121.060060
40.652140,-112.002440
40.102630,-123.792873
44.609973,-123.101176
35.615649,-120.679890
35.373056,-119.021667
38.330000,-122.630057
37.240000,-121.770000
34.468789,-119.884294
36.330000,-121.160000
0.000003,0.000665
37.468662,-122.430120
40.284860,-111.735250
37.830000,-121.170000
39.110000,-122.810000
41.759001,-110.601473
41.878420,-110.044879
41.616640,-108.406110
39.540000,-121.470000
35.226050,-119.377728
42.176110,-122.648370
40.580830,-111.857559
46.059500,-122.262125
37.710000,-121.400000
39.143254,-121.648007
41.867618,-124.139175
41.666940,-109.705340
42.252500,-121.856670
40.282720,-111.690331
32.566254,-116.944444
33.021575,-117.096121
41.823610,-110.327440
38.021382,-121.320367
37.303709,-121.867572
39.139446,-121.583272
32.545004,-117.069583
37.432851,-122.202835
32.714377,-117.169655
33.355940,-117.112203
40.767690,-111.930271
0.000582,0.000172
40.769845,-111.920989
37.374254,-122.015634
45.677422,-118.782004
42.733968,-122.515061
39.939187,-120.948157
33.809183,-117.983330
38.030471,-121.896749
37.731667,-121.117222
37.685470,-113.084554
41.697140,-110.365810
34.008404,-117.949660
37.780000,-122.380000
42.042060,-111.984940
33.880401,-118.175068
41.759170,-110.601390
40.624413,-111.822282
37.202033,-119.240785
40.797220,-111.953610
37.419910,-121.730114
37.763267,-122.214384
35.765833,-117.381389
39.480833,-121.562222
41.537060,-109.272720
40.285840,-123.837372
39.530000,-121.490000
33.908478,-118.423153
37.848008,-122.160732
-0.000264,0.000630
37.940000,-122.380000
32.595364,-117.057573
42.308220,-111.359519
37.745035,-121.936120
42.445000,-123.366451
33.738254,-117.156324
41.284568,-111.995070
35.374083,-119.039896
40.707220,-111.933950
46.067780,-118.361045
37.397297,-122.010240
46.582140,-120.530874
40.822130,-111.924050
36.762604,-121.736254
40.565000,-112.028669
46.563610,-120.646874
37.711321,-121.715995
36.195786,-119.439195
35.774931,-119.973935
45.962473,-122.334933
37.998666,-121.783254
35.951389,-120.867778
35.034469,-118.284002
42.346940,-123.305280
38.445373,-121.826296
42.265920,-111.750121
44.828033,-106.941604
34.006720,-117.943301
44.319898,-105.896600
34.870000,-116.850000
37.855756,-120.944084
37.342839,-118.471874
42.219973,-121.791607
41.226110,-111.969390
37.936933,-121.528448
34.042605,-117.362707
40.545420,-111.490420
41.330750,-111.987610
35.374164,-119.039839
